Degree	Accuracy
1	0.68189
2	0.98534
4	0.991064
