Degree	Accuracy
1	0.95886
2	0.97714
